<?xml version="1.0" encoding="UTF-8"?>
<site url="http://sourceforge.net/projects/eclipse-cs/files/updatesite/5.6.1/">
   <description name="Eclipse Checkstyle Plugin" url="http://eclipse-cs.sourceforge.net/update">
      Eclipse Checkstyle Plugin Update Site
   </description>
   <feature url="features/net.sf.eclipsecs_5.7.0.201402131929.jar" id="net.sf.eclipsecs" version="5.7.0.201402131929">
      <category name="Checkstyle"/>
   </feature>
   <!--
   <feature url="features/net.sf.eclipsecs.migration_5.7.0.qualifier.jar" id="net.sf.eclipsecs.migration" version="5.7.0.qualifier">
      <category name="Checkstyle"/>
   </feature>
   -->
   <category-def name="Checkstyle" label="Checkstyle"/>
</site>
