<?xml version="1.0" encoding="UTF-8"?>
<applications xmlns="http://www.wabacus.com"
	xmlns:xsi="http://www.w3.org/2001/XMLSchema-instance"
	xsi:schemaLocation="http://www.wabacus.com ../xsd/wabacus.applications.xsd">
	<page id="carBorrowInvoke"   js="/webresources/script/validate.js,js/demo.js" >
	
		<report id="report2" title="车辆借调信息" extends="carBorrowManager.report2" rowselect="checkbox">
			<buttons>
			    <button name="borrow" positionorder="1"  styleproperty="style='margin-bottom:2px;font-size:12px;cursor:hand;width: 73px;height: 27px;background-color: #000;background-image: url(images/tu9.gif);background-repeat: repeat;background-attachment: scroll;background-position: center;border: 0 solid #000000;text-align: center;padding-top: 3px;'"
			      extends="${wabacus.button2.default}" position="title" label="" >
			        dispatchBorrow();
			    </button> 
				<button  name="button2" styleproperty="id='btnBorrow' style='margin-bottom:2px;font-size:12px;cursor:hand;width: 73px;height: 27px;background-color: #000;background-image: url(images/tu15.gif);background-repeat: repeat;background-attachment: scroll;background-position: center;border: 0 solid #000000;text-align: center;padding-top: 3px;'"
			    extends="${wabacus.button2.default}" position="title" label="" positionorder="2">
					invokeServerActionForReportData('carBorrowInvokeServer','report2','com.xingbo.muckcar.callback.BorrowRemoveServerCallBack',{name:'SELECTEDROW',value:true},null,true,testBeforeInokeCallBackMethod1,testInvokeCallbackMethod1);
				</button>
				
				<button name="shuaxin" styleproperty="style='margin-bottom:2px;font-size:12px;cursor:hand;width: 73px;height: 27px;background-color: #000;background-image: url(images/tu13.gif);background-repeat: repeat;background-attachment: scroll;background-position: center;border: 0 solid #000000;text-align: center;padding-top: 3px;'"
			       extends="${wabacus.button2.default}" position="title" label="" positionorder="2">
                   window.location.reload();
			   </button>
			</buttons>
		</report>
	</page>
	<page id="carBorrowInvokeServer" js="/webresources/script/validate.js,js/demo.js">
	
	<report id="report2" align="left" extends="carBorrowInvoke.report2"/>
	</page>
</applications>