<?xml version="1.0" encoding="UTF-8"?>
<applications xmlns="http://www.wabacus.com"
	xmlns:xsi="http://www.w3.org/2001/XMLSchema-instance"
	xsi:schemaLocation="http://www.wabacus.com ../xsd/wabacus.applications.xsd">
	<page id="carBorrowManager"   js="/webresources/script/validate.js" >
	
	
		<report id="report1"  pagesize="5|10|20|50|100|-1" title="运输公司车辆"  type="editablelist2">
			<display>
			<col column="CARID" label="车牌ID" displaytype="hidden" />
			<col column="COMPANY_ID" label="运输公司ID" displaytype="hidden" />
			<col column="STATUS_ID" label="车辆状态ID" displaytype="hidden" />
				<col column="CAR_LICENSE" label="车牌号码"   width="25%">
				</col>
				<col column="STATUS" label="借调情况"  width="20%"/>
				<col column="BLACK_STATUS" label="黑名单"  width="20%"/>
				<col column="COMPANY_NAME" label="运输公司"  width="25%"/>
			</display>
			<sql type="statement">
				<value>
					<![CDATA[SELECT C.COMPANY_ID AS COMPANY_ID,
			                   A.CAR_ID AS CARID, 
			                   A.CAR_NUM AS CAR_LICENSE, 
			                   A.BORROW_STATUS AS STATUS_ID,
			                   CASE A.BORROW_STATUS WHEN 0 THEN '未借调' WHEN 1 THEN '借调' WHEN 2 THEN '提前借调' else '未借调' END AS STATUS,
			                   CASE A.BLACK_STATUS WHEN 0 THEN '否' WHEN 1 THEN '是' ELSE '否' end AS BLACK_STATUS, 
			                   C.COMPANY_NAME FROM TB_CAR A  
			                   LEFT JOIN TB_COMPANY_CAR_REL B ON A.CAR_ID = B.CAR_ID 
			                   LEFT JOIN TB_COMPANY C ON B.COMPANY_ID = C.COMPANY_ID 
			               WHERE  B.STATUS_ID = 1  AND {#condition#}]]>
				</value>
				<condition name="txtno1" label="车牌号码">
					<value>
						<![CDATA[(A.CAR_NUM like  Upper('%#data#%') )]]>
					</value>
					
					<inputbox>
					        <typeprompt count="15">
						       <promptcol label="CAR_NUM" title="车牌号码" matchmode="anywhere"></promptcol>
						       <datasource>        
						       	<option source="@{SELECT CAR_NUM  FROM TB_CAR  where {#matchcondition#}}"></option>      
						       </datasource>
					       </typeprompt>
					 </inputbox>
				</condition>
				
				<condition name="COMPANY_ID" label="运输公司" >
				   <value>
						<![CDATA[( C.COMPANY_ID = #data# )]]>
					</value>
					<inputbox type="selectbox">
					            <option value="" label='---请选择---'></option>
						    	<option source="@{SELECT C.COMPANY_ID,C.COMPANY_NAME  FROM TB_COMPANY C ORDER BY C.COMPANY_NAME}" value="COMPANY_ID" label="COMPANY_NAME"></option>      
					 </inputbox>
				</condition>
				
				<condition name="txtno3" label="借调情况">
					<value>
						<![CDATA[( A.BORROW_STATUS like  '%#data#%' )]]>
					</value>
					<inputbox type="selectbox" defaultvalue="--请选择--">
						<option value=''  label='-请选择-'></option>
						<option value='0' label='未借调'></option>
						<option value='1' label='已借调'></option>
						<option value='2' label='提前借调'></option>
					</inputbox>
				</condition>
				
			</sql>
		</report>
		
		<report id="report2" pagesize="5|10|20|50|100|-1" title="借调信息" dataexport="richexcel|word" type="editablelist">
			<display>
			<col column="CARID" label="车牌ID" displaytype="hidden" />
			<col column="BORROW_ID" label="借调ID" displaytype="hidden" />
			<col column="TRANS_COMPANY" label="运输公司"  width="10%"/>
			<col column="BORROW_COMPAMY" label="借调公司"  width="10%"/>
				<col column="CAR_LICENSE" label="车牌号码"   width="10%">
				</col>
				<col column="STATUS" label="归还状态"   width="10%">
				</col>
				<col column="START_DATE" label="借调开始时间"  width="10%"/>
				<col column="END_DATE" label="借调结束时间"  width="10%"/>
				<col column="BACK_DATE" label="归还时间"  width="15%"/>
				<col column="USERNAME" label="归还人"  width="10%"/>
				
			</display>
			<sql>
				<value>
            	<![CDATA[SELECT CASE C.STATUS
                 WHEN 0 THEN
                  '当前在借'
                 WHEN 1 THEN
                   '已归还'
                 WHEN 2 THEN  
                    '提前借调'
               END AS STATUS,
               C.OPT_DATE,
               C.BORROW_ID AS BORROW_ID,
               D.CAR_ID AS CARID,
               A.COMPANY_ID AS TCOMPANY_ID,
               A.COMPANY_NAME AS TRANS_COMPANY,
               B.COMPANY_ID AS BCOMPANY_ID,
               B.COMPANY_NAME AS BORROW_COMPAMY,
               D.CAR_NUM AS CAR_LICENSE,
               TO_CHAR(C.START_DATE, 'YYYY-MM-DD') AS START_DATE,
               TO_CHAR(C.END_DATE, 'YYYY-MM-DD') AS END_DATE,
               TO_CHAR(C.BACKDATE, 'YYYY-MM-DD') AS BACK_DATE,
               U.USERNAME AS USERNAME
	          FROM  TB_CAR_BORROW C 
	          LEFT JOIN TB_CAR     D ON C.CAR_ID=D.CAR_ID
	          LEFT JOIN TB_COMPANY A ON C.COMPANY_ID=A.COMPANY_ID
	          LEFT JOIN TB_COMPANY B ON C.COMPANY_ID=B.COMPANY_ID
	          LEFT JOIN EAUSER     U ON C.BACKUSER=U.USERID
			  where		     {#condition#} ORDER BY C.OPT_DATE DESC]]>
				</value>
				<condition name="txttrans" label="运输公司" >
					<value>
						<![CDATA[(A.COMPANY_ID like  '%#data#%' )]]>
					</value>
					<inputbox type="selectbox" defaultvalue="--请选择--">
					     <option value=''  label='-请选择-'></option>    
						 <option source="@{SELECT C.COMPANY_ID,C.COMPANY_NAME  FROM TB_COMPANY C ORDER BY C.COMPANY_NAME }" value="COMPANY_ID " label="COMPANY_NAME"></option>      
					 </inputbox>
				</condition>
				
				<condition name="txtborrow" label="借调公司" >
					<value>
						<![CDATA[(B.COMPANY_ID like  '%#data#%' )]]>
					</value>
					<inputbox type="selectbox">
					     <option value=''  label='-请选择-'></option>    
						 <option source="@{SELECT C.COMPANY_ID,C.COMPANY_NAME  FROM TB_COMPANY C ORDER BY C.COMPANY_NAME }" value="COMPANY_ID" label="COMPANY_NAME"></option>      
					 </inputbox>
				</condition>
				
				<condition name="txtcarno" label="车牌号码" br="true">
					<value>
						<![CDATA[(D.CAR_NUM like  Upper('%#data#%') )]]>
					</value>
					
					<inputbox>
					        <typeprompt count="15">
						       <promptcol label="CAR_NUM" title="车牌号码" matchmode="anywhere"></promptcol>
						       <datasource>        
						       	<option source="@{SELECT CAR_NUM  FROM TB_CAR  where {#matchcondition#}}"></option>      
						       </datasource>
					       </typeprompt>
					 </inputbox>
				</condition>				
				
				<condition name="txtstart" label="开始时间" datatype="date{yyyy-MM-dd}">
				
					<value>
						<![CDATA[( C.START_DATE like  '#data#' )]]>
					</value>
					<inputbox type="datepicker" jsvalidate="isDate({0}格式不对，必须为yyyy-MM-dd格式)"/>
				</condition>
				
				<condition name="txtend" label="结束时间" datatype="date{yyyy-MM-dd}">
					<value>
						<![CDATA[( C.END_DATE like  '#data#' )]]>
					</value>
				
					<inputbox type="datepicker" jsvalidate="isDate({0}格式不对，必须为yyyy-MM-dd格式)"/>
				</condition>
				
				<condition name="txtstatus" label="归还状态">
					<value>
						<![CDATA[( C.STATUS like  '%#data#%' )]]>
						
					</value>
					<inputbox type="selectbox" defaultvalue="--请选择--">
						<option value=''  label='-请选择-'></option>
						<option value='0' label='在借'></option>
						<option value='1' label='已归还'></option>
						<option value='2' label='提前借调'></option>
					</inputbox>
				</condition>
				
			</sql>
		</report>
	</page>
</applications>