<?xml version="1.0" encoding="UTF-8"?>
<applications xmlns="http://www.wabacus.com"
	xmlns:xsi="http://www.w3.org/2001/XMLSchema-instance"
	xsi:schemaLocation="http://www.wabacus.com ../xsd/wabacus.applications.xsd">
	<page id="updateBack"   js="/webresources/script/validate.js,/js/demo.js,/js/updateBorrow.js">
		
		<report id="backReport" title="修改归还时间"  template="/template/r_updateReturnDate.jsp"    type="editablelist">
		     <interceptor>
		     <preaction>
		         <![CDATA[
						rrequest.getRequest().getSession().setAttribute("BORROW_ID",rrequest.getRequest().getParameter("BORROW_ID"));
				]]>
		     </preaction>
		    </interceptor>
			<display>
			   		<col column="CARID"       label="车牌ID"   displaytype="hidden" />
					<col column="BORROW_ID"   label="借调ID"   displaytype="hidden" clickorderby="true" width="10%"/>
					<col column="CAR_LICENSE" label="车牌号码"  clickorderby="true"  width="10%" />
					<col column="STATUS" label="借调状态"  clickorderby="true"  width="10%" />
					
			</display>
			<sql>
				<value>
					<![CDATA[SELECT C.BORROW_ID AS BORROW_ID,
					                 C.OPT_DATE,
					                 CASE  C.STATUS
					                 WHEN 0 THEN
					                  '当前在借'
					                 WHEN 1 THEN
					                   '已归还'
					                 WHEN 2 THEN  
					                    '提前借调'
					                 END AS STATUS,
									 D.CAR_ID AS CARID, 
									 D.CAR_NUM AS CAR_LICENSE,  
									 TO_CHAR(C.BACKDATE, 'YYYY-MM-DD') AS BACK_DATE 
									 FROM TB_CAR D,TB_COMPANY A, TB_COMPANY B, TB_CAR_BORROW C 
									 WHERE A.COMPANY_ID = C.COMPANY_ID 
										AND B.COMPANY_ID = C.BO_COMPANY_ID 
										AND D.CAR_ID = C.CAR_ID AND {#condition#} 
										ORDER BY C.OPT_DATE DESC
						]]>
				</value>
				   <condition name="conage"  label="borrow_id" hidden="true" source="session{BORROW_ID}">
					     <value>
						      <![CDATA[C.BORROW_ID IN (SELECT TRIM(SUBSTR(txt,
										                  	  INSTR(txt, ',', 1, level) + 1,
										                  	  INSTR(txt, ',', 1, level + 1) - INSTR(txt, ',', 1, level) - 1)) AS token
															  FROM (SELECT ',' || #data# || ',' AS txt FROM dual)
															  CONNECT BY level <= LENGTH(txt) - LENGTH(REPLACE(txt, ',', '')) - 1 )]]>
					      </value>
				    </condition> 
				    <condition name="ENDDATE" label="请输入归还日期：" datatype="date{yyyy-MM-dd HH:mm:ss}" labelstyle="2" left="31">
					<inputbox type="datepicker"  dateformat="yyyy-MM-dd HH:mm:ss" styleproperty="style='width:75%'"/>
				    </condition>
			</sql>
			<buttons>
				<button  name="button2" styleproperty="id='btnBorrow' style='margin-bottom:2px;font-size:12px;cursor:hand;width: 73px;height: 27px;background-color: #000;background-image: url(images/tu15.gif);background-repeat: repeat;background-attachment: scroll;background-position: center;border: 0 solid #000000;text-align: center;padding-top: 3px;'"
			     position="title" label="" positionorder="2">
                      invokeServerActionForReportData('updateBack','backReport','com.xingbo.muckcar.callback.BorrowRemoveServerCallBack',{name:'SELECTEDROW',value:false},{ 
                      opt_id:parent.parent.$('#rUserid').text(),
                      endTime:$('#updateBack_guid_backReport_condition_ENDDATE').val()
                      },true,testBeforeInokeCallBackMethod_data,testInvokeCallbackMethod_data);
				</button>
				</buttons>
		</report>
	</page>
</applications>